{
  "name": "Kyoss",
  "kind": "Hero",
  "initialCardIdentifiers": [
    "KyossCharacter"
  ],
  "cards": [
    {
      "identifier": "KyossCharacter",
      "count": 1,
      "title": "Kyoss",
      "body": "Invigorate",
      "backgroundColor": "fbf8f9",
      "foilBackgroundColor": "FEFEFE",
      "hitpointsColor": "C94742",
      "character": true,
      "powers": [
        "One hero target regains 1 HP."
      ],
      "icons": [
        "GainHP"
      ],
      "hitpoints": 26,
      "incapacitatedAbilities": [
        "One player may play a card, even if they would otherwise be prevented.",
        "One hero may use a power, even if they would otherwise be prevented.",
        "One player may draw a card, even if they would otherwise be prevented."
      ],
      "flippedIcons": [
        "PlayCardNow",
        "UsePowerNow",
        "DrawCardNow"
      ],
      "openingLines": {
        "default": "As long as this is your route, It will be my function to cease your operation."
      },
      "complexity": 2
    },
    {
      "identifier": "EmpowermentOfFriendship",
      "count": 1,
      "title": "Empowerment of Friendship",
      "keywords": [
        "nuke"
      ],
      "flavorText": "[placeholder]",
      "body": "Whenever you cause another player to play a card, use a power, or draw a card, add 1 token to this card.",
      "powers": "{Kyoss} deals a target X irreducible Energy damage, where X equals the number of tokens on this card. Then, remove this card from the game.",
      "icons": [
        "HasPower",
        "DealDamageEnergy"
      ],
      "tokenPools": [
        {
          "identifier": "NukePool",
          "name": "Empowerment of Friendship Nuke Pool",
          "initialValue": 0,
          "minimumValue": 0,
          "color": "D1426D"
        }
      ]
    },
    {
      "identifier": "StorageRetrieval",
      "count": 4,
      "title": "Storage Retrieval",
      "keywords": [
        "one-shot"
      ],
      "flavorText": "[placeholder]",
      "body": [
        "When this card enters play, search your deck or trash for Empowerment of Friendship and put it into play. If you searched your deck, shuffle it afterwards.",
        "Each other player may draw a card."
      ],
      "icons": [
        "Search",
        "DrawCardNow"
      ]
    },
    {
      "identifier": "TacticalDirection",
      "count": 4,
      "title": "Tactical Direction",
      "keywords": "one-shot",
      "flavorText": "[placeholder]",
      "body": [
        "When this card enters play, search your deck or trash for Empowerment of Friendship and put it into play. If you searched your deck, shuffle it afterwards.",
        "Discard a card. If you do, one other player may play a card now."
      ],
      "icons": [
        "Search",
        "Discard",
        "PlayCardNow"
      ]
    },
    {
      "identifier": "OverclockedEnhancer",
      "count": 4,
      "title": "Overclocked Enhancer",
      "keywords": "one-shot",
      "flavorText": "[placeholder]",
      "body": [
        "When this card enters play, search your deck or trash for Empowerment of Friendship and put it into play. If you searched your deck, shuffle it afterwards.",
        "{Kyoss} may deal herself 2 Lightning damage {H - 1} times. Each time {Kyoss} deals herself damage this way, another hero may use a power now."
      ],
      "icons": [
        "Search",
        "DealDamageLightning",
        "UsePowerNow"
      ]
    },
    {
      "identifier": "RerouteAssistance",
      "count": 3,
      "title": "Reroute Assistance",
      "keywords": [
        "ongoing",
        "limited"
      ],
      "flavorText": "[placeholder]",
      "body": "At the end of each players turn, if they skipped either their play or power phase, they may draw a card.",
      "icons": [
        "EndOfTurnAction",
        "DrawCardNow"
      ]
    },
    {
      "identifier": "BalanceAmplifier",
      "count": 2,
      "title": "Balance Amplifier",
      "keywords": [
        "equipment",
        "limited"
      ],
      "flavorText": "[placeholder]",
      "body": "At the end of your turn, you may select up to two other hero targets. If any targets are selected this way, reduce the next damage dealt by {Kyoss} by 1 and increase the next damage dealt by those targets by 1.",
      "icons": [
        "EndOfTurnAction",
        "ReduceDamageDealt",
        "IncreaseDamageDealt"
      ]
    },
    {
      "identifier": "ForcefieldProjector",
      "count": 2,
      "title": "Forcefield Projector",
      "keywords": [
        "equipment",
        "limited"
      ],
      "flavorText": "[placeholder]",
      "powers": "Select a hero target. Reduce damage dealt to that target by 1 until the start of your next turn.",
      "icons": [
        "HasPower",
        "ReduceDamageTaken"
      ]
    },
    {
      "identifier": "EnergyTransfusion",
      "count": 3,
      "title": "Energy Transfusion",
      "keywords": "one-shot",
      "flavorText": "[placeholder]",
      "body": [
        "Select a hero target.",
        "Increase damage dealt by that target by 1 until the start of your next turn.",
        "Increase the next damage dealt by that target by 1."
      ],
      "icons": "IncreaseDamageDealt"
    },
    {
      "identifier": "RepairSubsystem",
      "count": 2,
      "title": "Repair Subsystem",
      "keywords": [
        "equipment",
        "limited"
      ],
      "flavorText": "[placeholder]",
      "body": "At the end of your turn, {Kyoss} regains 1 HP. You may discard a card to increase this by 1.",
      "icons": [
        "GainHP",
        "Discard"
      ]
    },
    {
      "identifier": "EnergizedChasis",
      "count": 2,
      "title": "Energized Chasis",
      "keywords": [
        "equipment",
        "limited"
      ],
      "flavorText": "[placeholder]",
      "body": [
        "Reduce damage dealt to {Kyoss} by 1.",
        "Once per round, when {Kyoss} would be dealt damage, you may discard a card to reduce that damage by 1."
      ],
      "icons": [
        "ReduceDamageTaken",
        "Discard"
      ]
    },
    {
      "identifier": "HizaquaeReality",
      "count": 3,
      "title": "Hizaquae Reality",
      "keywords": "ongoing",
      "flavorText": "[placeholder]",
      "body": [
        "At the start of your turn, {Kyoss} may deal herself 2 irreducible energy damage. If she takes no damage this way, destroy this card.",
        "You may change the damage type of each instance of damage."
      ],
      "icons": [
        "StartOfTurnAction"
      ]
    },
    {
      "identifier": "ScanAndCounteraction",
      "count": 3,
      "title": "Scan and Counteraction",
      "keywords": "one-shot",
      "flavorText": "[placeholder]",
      "body": "Reveal the top card of a deck. Either replace it or put it on the bottom of its deck.",
      "icons": "Manipulate"
    },
    {
      "identifier": "Reboot",
      "count": 3,
      "title": "Reboot",
      "keywords": "one-shot",
      "flavorText": "[placeholder]",
      "body": [
        "You may discard any number of cards from your hand. Draw X cards, where X is the number of cards discarded this way.",
        "If you discarded at least 4 cards this way, skip your next play phase."
      ],
      "icons": [
        "Discard",
        "DrawCardNow"
      ]
    },
    {
      "identifier": "DischargeGrasp",
      "count": 2,
      "title": "Discharge Grasp",
      "keywords": [
        "equipment",
        "limited"
      ],
      "flavorText": "[placeholder]",
      "powers": "{Kyoss} deals a target 1 lightning damage. Reduce the next damage dealt by that target by 1.",
      "icons": [
        "DealDamageLightning",
        "ReduceDamageDealt"
      ]
    },
    {
      "identifier": "ReconfigureOutput",
      "count": 2,
      "title": "Reconfigure Output",
      "keywords": [
        "ongoing",
        "limited"
      ],
      "flavorText": "[placeholder]",
      "body": [
        "When this card enters play, search your deck and trash for Empowerment of Friendship, put it into play, and shuffle your trash into your deck.",
        "Whenever {Kyoss} would deal 3 or less damage, you may instead put that many tokens on Empowerment of Friendship."
      ]
    }
  ]
}


